Words,Frequency
apple,1039
crack,5
ad,4
carrier,1
support,16
announc,4
hilariou,1
video,20
duet,1
pretty,9
much,16
sum,1
love,35
affair,1
made,15
easy,6
switch,5
realize,3
reason,1
twitter,30
thank,57
current,1
blackberry,19
user,15
little,7
disappoint,9
move,6
android,11
strangest,1
thing,14
said,7
glad,7
gave,2
sense,1
humor,1
great,40
close,5
personal,1
event,3
tonight,5
regent,2
store,85
compani,3
experience,5
best,23
customer,22
service,27
aside,1
apply,1
hope,7
call,19
think,17
magical,3
dy,3
suggest,3
find,12
whore,2
hide,2
body,1
register,2
developer,2
actually,7
help,13
greatly,2
appreciate,2
deal,5
first,19
model,5
offer,3
refurbish,1
come,16
dark,3
side,2
send,17
free,11
publicly,4
ceremoniously,2
burn,3
version,4
locate,1
wipe,1
stolen,1
garden,2
replac,8
lunch,3
break,4
today,24
warranty,3
replace,3
bound,1
playbook,1
team,3
amaz,12
featur,3
education,2
sweet,6
want,29
done,21
right,15
useless,3
day,11
unexpect,1
workshop,1
Yesterday,6
awesome,11
amount,1
info,2
question,2
people,16
bitch,3
smartest,2
phone,52
ever,17
happy,7
point,4
mentor,1
triple,1
umber,7
well,20
mobile,7
device,9
talk,11
desktop,4
coach,1
bring,5
wish,7
sell,12
million,20
unit,2
weekend,17
job,32
brilliance,1
live,5
apologize,1
download,10
prove,2
popular,1
look,16
argument,1
incredible,5
better,20
save,7
unwant,1
seen,5
light,3
fix,11
battery,23
drain,6
problem,13
replacement,3
work,32
like,40
champ,2
currently,1
order,5
brand,3
Year,12
miss,14
time,40
bless,2
know,21
brother,2
girlfriend,2
least,2
wait,29
music,12
glass,1
debut,1
technology,7
unreal,1
update,46
another,11
mention,1
get,15
forward,3
stick,1
longer,5
pay,1
text,12
hate,9
computer,10
need,34
mack,1
flawless,2
cloud,5
totally,4
email,7
company,5
alway,5
upgrade,24
nice,10
tech,24
mall,2
faster,1
even,15
though,7
hubby,2
geek,2
make,29
thankful,2
go,15
beyond,1
sick,2
play,7
camera,3
Yeah,5
chang,7
life,13
safari,1
reader,1
own,1
worldwide,2
case,8
hand,2
walk,2
laid,1
next,13
last,12
us,17
disruption,1
lost,10
gig,1
keep,9
Yessss,1
especially,2
slide,1
screen,13
good,16
second,4
madness,1
invest,1
gear,2
sent,4
grandma,1
post,11
card,8
sorry,4
put,1
wash,2
kind,1
equivalent,1
blend,2
hear,8
still,19
alive,1
launder,1
finest,1
moment,4
dry,1
organic,1
rice,1
boot,1
system,6
smash,3
lock,4
open,8
unlock,5
word,3
sale,9
four,8
easter,3
egg,3
pull,8
middle,5
bottom,5
feature,13
simply,2
must,8
admit,1
camper,1
tone,3
ring,2
drake,1
receiv,2
ipod,27
wife,1
upgrad,7
alone,2
worth,2
continu,2
enhance,1
honor,7
truly,3
loss,1
geniu,26
notifi,1
arriv,1
local,1
office,4
deliver,4
sunday,1
magic,1
meet,1
butler,1
click,5
link,5
never,13
feel,6
worst,6
speaker,1
spoil,1
luck,2
surviv,1
addict,1
welcome,3
club,1
innovation,4
exhibit,1
instead,3
watch,9
game,2
sport,1
hiss,1
berry,1
power,7
guy,6
witchcraft,1
lead,4
notification,5
search,3
cover,2
mail,5
wifi,3
sync,12
backup,3
integrate,7
jame,3
stewart,2
story,2
importance,2
architecture,2
retail,3
success,6
world,21
impressive,2
metro,1
centre,1
cable,2
book,5
grati,2
show,13
hairline,2
happen,8
edge,1
taken,2
min,2
write,1
convert,2
grass,1
greener,1
backside,2
impress,3
space,3
creative,1
product,16
inspire,1
unbelievable,1
present,1
requir,1
finally,5
stupid,4
learn,2
lesson,1
absolutely,4
invent,4
parent,1
listen,4
create,3
folder,5
within,1
photo,11
album,5
thorn,1
workstation,1
di,3
month,7
long,6
hello,20
really,30
throw,2
trash,1
upload,1
issue,18
submit,1
idea,3
beta,1
crazy,3
crop,1
prop,1
employee,1
charge,8
back,23
plate,1
mouse,6
voice,9
recognition,2
step,3
previou,1
attempt,2
bravo,1
sprint,8
expect,1
touch,22
coolness,1
apparently,7
storage,4
tell,13
full,7
expensive,3
went,7
loyalty,2
kill,5
tune,1
lonely,1
silly,2
hurry,2
release,11
exchange,1
cord,2
airdrop,1
fail,19
immediate,1
declin,1
request,1
every,15
article,5
fuck,30
lion,10
future,3
complain,4
Yellow,2
tint,2
contact,8
picture,2
list,8
simple,5
major,2
ask,5
dream,2
electric,1
sleep,1
answer,3
opportunity,1
surprise,1
error,3
alert,1
authorize,3
button,6
evil,2
lord,1
blaze,1
inferno,1
obviously,1
noth,9
perfect,1
opposite,1
please,26
delete,3
dick,2
sign,4
seriously,7
of,1
clue,1
mean,2
authorization,1
harder,3
purchas,6
shit,17
data,7
media,2
take,9
rebuild,1
vega,1
give,13
hour,19
wonky,1
dear,27
destroy,2
productivity,2
lack,3
frustrate,2
ruin,1
turn,13
utterly,2
pile,1
sure,7
duff,1
almost,1
week,7
paid,4
match,2
remov,2
hard,4
suck,9
interest,6
note,5
removable,1
launch,7
can,1
jackass,1
shoot,1
shuffle,1
sound,6
quality,4
painfully,2
crap,5
downgrade,1
wise,1
slow,8
stuck,5
half,6
thankfully,1
damage,2
thorough,1
cost,3
mightily,1
include,2
song,5
compilation,1
artist,2
name,8
exclaim,1
whole,1
total,3
chao,1
street,2
ethiopian,1
feed,1
station,1
believe,2
cool,4
purchase,6
survey,1
correction,1
kudo,1
alamo,1
ranch,1
resolve,3
hero,1
stand,2
line,19
newest,1
sucker,1
braille,1
bump,1
crush,1
already,7
schedule,3
summer,2
thursday,2
available,8
appointment,2
allow,4
push,2
Yap,1
message,9
icon,3
includ,1
require,1
reservation,6
crappy,2
keyboard,4
around,1
progress,1
function,2
page,12
awful,2
interrupt,1
piece,4
dollar,1
charg,3
slowly,1
solve,1
pick,4
set,3
calendar,2
item,5
program,2
software,5
repair,3
proper,2
consolidation,1
stop,10
lose,4
bought,1
ship,5
enable,1
plan,3
handle,1
prevent,1
audio,2
operate,1
properly,5
hater,1
buttery,1
finish,1
fast,3
signal,3
rapidly,1
canon,3
compact,1
flash,3
goe,4
damn,7
term,1
condition,1
read,6
late,4
screw,4
alarm,2
dose,1
decide,2
freeze,4
wont,3
annoy,7
officially,3
boycot,2
curse,2
wast,4
seek,1
japan,2
australia,3
patent,2
intensifi,1
injunction,1
sought,1
dead,4
restore,12
pain,1
room,2
undo,2
garbage,1
avail,1
site,6
browser,1
trouble,6
brightness,3
remember,4
enter,1
market,7
piss,8
certain,1
worse,2
newton,1
hockey,1
puck,1
painful,2
invention,1
account,5
suddenly,2
address,2
someone,9
window,7
compatible,1
care,3
restor,2
restriction,1
none,3
seemingly,1
endless,1
loop,3
investigate,1
terrible,5
apology,1
busy,3
stylu,1
forever,2
outside,4
daughter,3
drive,1
nut,1
blame,2
honest,1
complete,2
poor,1
slip,1
except,3
cute,1
eyelash,1
bat,1
shag,1
snatch,1
dependent,1
network,13
connection,2
utter,1
frustration,1
amus,1
seem,7
render,1
machine,1
incapable,1
zero,1
useful,2
commit,1
rain,1
soon,4
share,5
reminder,3
also,12
webpage,1
modify,1
crashe,2
congratulation,2
incompatible,2
vertical,1
mission,1
control,4
horizontal,1
business,3
nauseou,1
explain,5
distribut,1
succee,1
early,1
file,5
disappear,1
hurt,1
li,3
definitely,3
check,13
usage,1
huge,5
podcast,3
drop,4
ball,3
perhap,2
star,1
war,2
brain,2
password,2
protect,2
quickly,2
see,2
bar,1
return,4
anyway,2
start,4
knew,2
pink,1
hold,13
hindi,1
cheer,1
indian,1
language,1
warn,2
spontaneously,2
loose,2
might,2
fault,4
hopefully,3
figure,3
copy,3
hell,9
unhappy,2
change,10
input,2
number,3
handl,2
blue,3
minute,7
dupe,1
disappointment,3
inventor,1
excit,1
tragic,1
impression,1
dissent,1
multiple,1
connect,8
server,5
exercise,1
rename,2
bottleneck,1
chance,2
headphone,1
blast,2
ear,1
quite,1
obnoxiou,1
cloudy,1
techy,1
process,1
command,3
design,8
appropriately,2
project,3
resource,2
reliable,2
spoke,1
blare,1
direct,1
wrong,1
suspect,1
perfectly,1
ail,1
stink,1
inform,1
migrate,2
many,8
complaint,1
image,2
rape,1
small,3
realise,1
base,2
petty,1
original,1
location,4
domain,2
empty,1
skin,1
represent,1
tear,2
thunderbolt,1
try,8
throat,1
slower,1
nexu,1
force,2
stuff,2
upset,1
inconvenienc,1
finance,2
greedy,1
bastard,1
santa,2
jolly,1
white,3
spend,3
recover,2
immobile,1
ponder,1
difficulti,1
serv,1
sydney,2
train,1
extend,1
clock,3
tire,2
figur,2
test,1
frozen,1
perpetual,1
run,2
dodgy,1
hire,2
staff,2
took,4
told,7
needless,1
hotel,1
relax,1
overall,1
however,1
home,8
online,3
surely,2
cause,2
dilation,1
suburb,1
pin,1
state,3
clarence,1
thoma,1
toss,1
decade,1
workflow,1
standard,1
receipt,1
print,1
playlist,3
bummer,2
Yahoo,2
fantasy,1
football,1
crash,3
nansen,3
clean,2
duplicate,2
magically,1
reappear,1
key,1
often,4
mine,4
gone,4
sister,1
family,4
sloppy,1
known,1
protection,1
laptop,4
cancer,3
maybe,4
wireless,3
worri,1
say,8
toledo,1
equipment,1
broke,1
guess,3
tri,2
anymore,2
durable,1
able,2
newsstand,9
serve,1
purpose,1
easier,2
fruit,2
compar,3
google,28
crowd,2
agree,3
meant,1
buy,4
internet,3
confus,1
consider,8
plu,4
stable,1
reach,1
use,1
completely,1
warm,1
sometime,1
wall,3
remind,2
rest,2
brick,2
install,4
former,1
owner,3
baby,17
delet,1
tiger,2
wood,1
impossible,1
retrieve,1
overbear,1
polici,1
disaster,1
su,1
insurance,1
manag,1
beautiful,4
one,3
arrogant,2
inept,2
combo,2
fade,1
black,4
begin,1
vibrate,3
continuously,1
reboot,1
lame,1
roll,4
equal,1
credit,2
redeem,1
fair,1
less,4
improve,2
monday,1
access,2
premise,1
outlook,1
thunderbird,1
chrome,1
visual,1
merchandis,1
elegance,1
sequence,1
terminal,1
person,4
nonstop,1
mute,1
randomly,1
activate,1
cant,1
occur,1
folk,4
cut,1
manage,3
subscription,3
solution,1
promis,3
similar,2
bell,1
monopolistic,1
forget,2
bloody,2
stump,1
catastrophically,1
canada,4
direction,1
exclusive,2
john,1
jean,1
french,2
report,4
theft,1
bode,1
night,2
charger,2
houston,1
together,1
ford,1
focu,1
movi,1
jihad,1
adobe,1
record,4
quarter,3
bunch,2
professional,2
guesser,2
analyst,2
releas,1
possible,1
latter,2
spec,1
price,4
takeaway,2
earn,4
stay,7
competitive,2
headline,2
lower,1
pamper,16
memori,16
expand,1
countri,2
december,1
coincidence,1
virtual,1
assistant,2
robot,1
result,1
depend,1
increas,1
revenue,1
recession,5
rather,1
friend,4
choose,1
profile,2
amazon,22
log,2
troublemaker,1
struggl,1
blow,1
mind,3
gizmo,1
shut,1
wednesday,1
memorial,3
cranial,1
insertion,1
implant,1
official,2
seven,1
rule,2
weekly,1
twit,1
Young,1
foolish,2
ownership,1
resilience,1
smell,1
lawsuit,2
morn,1
remote,1
keynote,2
presentation,1
nobody,1
pith,1
navigate,1
voicemail,2
sincerely,2
household,2
mini,2
airport,3
usable,2
shari,1
explor,1
speak,1
symbol,1
relate,1
nostalgia,2
contract,4
factory,2
holder,7
spot,7
setup,5
nike,1
dedicate,1
memory,1
brilliant,1
evolution,1
inanimate,1
object,1
notic,2
tweet,12
closet,1
generation,1
contend,1
utility,1
balk,1
acquisition,1
billion,2
battl,1
consumer,1
thought,1
unique,1
wonder,4
tablet,3
battle,5
community,4
unconventional,1
leadership,1
secret,1
entire,1
giant,2
attend,1
donate,2
pancreatic,1
research,1
plank,1
daily,1
tripl,1
came,2
duplication,1
import,1
categorize,1
broken,2
place,2
section,1
let,2
fine,2
straight,1
poop,2
sarcasm,1
built-in,1
helpful,2
spell,1
document,1
finger,3
cross,1
left,3
nugget,1
behind,2
october,1
weird,1
verge,2
karaoke,1
american,1
define,1
disagree,1
hungry,1
founder,2
found,3
sink,1
alto,1
downtown,1
dude,3
fattest,1
hook,1
memo,1
scrub,1
journalist,1
babi,1
poll,4
ban,3
buzz,2
trip,3
colleague,1
overboard,1
misread,1
Yelp,1
review,1
thai,1
financial,1
purely,1
shift,1
sling,1
spontaneou,1
danc,2
outfit,1
girl,1
part,1
imagine,2
map,1
graphic,1
website,2
court,4
style,1
dumb,2
mortar,1
london,1
fit,1
mirror,1
school,1
couple,1
kid,3
hardware,3
promise,2
freak,1
past,2
away,2
follow,5
growth,2
area,2
msg,1
tomorrow,2
reserve,1
imminent,1
sold,13
overwhelm,1
reaction,1
death,3
telegraph,1
insert,1
all-time,1
high,1
hang,2
tacoma,2
beatle,2
front,3
shirt,1
reunion,1
tighten,1
pro,2
jacob,1
notify,2
clown,2
spin,1
wheel,1
reinvent,1
lookup,1
easiest,1
brady,1
surpris,3
mark,2
comparison,2
segregate,1
internode,1
piracy,1
mainly,1
platform,2
obscure,1
infamou,1
hall,1
pass,3
nookie,1
joel,1
circumstance,1
suffer,1
period,2
goodwill,1
paul,2
chat,1
advisor,1
tribute,6
faulty,1
gain,1
advertis,1
balloon,1
respect,2
alternative,1
india,1
squad,1
peep,1
algorithm,1
shrewd,1
root,1
horse,1
flower,1
shower,1
beg,1
valuable,1
analysi,1
trend,1
profit,2
proud,1
predict,2
stage,1
september,1
head,1
detail,2
auto,2
renewal,2
settle,1
content,2
coffer,1
hit,2
smart,3
engage,1
partner,3
social,1
activity,1
messag,1
kinda,3
relevant,1
junkie,1
buri,1
ability,2
inconvenient,1
cofounder,1
stood,1
provide,3
chase,1
cream,1
sandwich,1
Yesss,1
situation,1
gulp,1
pack,2
session,2
indicator,2
management,2
entrepreneur,2
startup,1
bangla,1
bengali,1
galaxy,2
globally,1
traffic,1
gift,2
opinion,2
careful,1
chip,1
guarantee,1
failure,1
principal,4
global,4
player,4
active,4
kobo,4
underplay,2
invisible,1
hospital,1
single,2
mourn,1
dock,1
scroll,1
title,1
font,1
across,1
main,1
wayne,1
leav,3
correct,1
child,1
poorly,1
painless,1
choice,1
form,1
component,4
continue,3
bite,3
upcom,1
afro-american,2
emoticon,2
angry,4
omission,1
advanc,1
printer,1
mighty,1
alcohol,1
act,1
timeline,1
history,1
challeng,1
possibly,1
accessori,1
policy,1
intellectual,1
property,1
infringement,1
claim,1
unauthorize,1
likely,2
suit,2
accus,1
roar,1
unveil,1
placement,1
effort,1
Yield,1
stock,2
promot,1
magazine,2
add,1
escort,3
legal,2
discovery,1
public,1
leopard,1
functionality,1
identity,1
logo,1
revis,1
doubt,1
enough,1
cope,1
defraud,1
win,1
salute,1
dog,1
earlier,1
upstair,1
soho,2
sudden,1
sprung,1
attention,1
digital,2
california,2
joseph,1
patiently,1
end,1
reply,1
insist,1
favorite,1
color,1
average,1
speed,1
swallow,2
python,1
denounce,1
nuance,1
cheap,4
improvement,2
implementation,1
monitor,1
either,1
heard,1
partnership,1
governor,1
declare,1
hoe,1
nearest,1
beef,1
subscribe,2
default,1
limit,1
older,1
ethernet,1
drew,1
respond,1
everywhere,1
factori,1
concrete,1
evidence,1
blogger,1
differ,2
reli,1
wank,1
student,1
discount,2
rep,1
accent,2
speech,9
translator,4
overhaul,1
response,1
bake,1
documentary,1
brought,3
constrain,1
appear,1
inventory,1
center,2
trick,1
fully,1
controll,1
antitrust,1
homepage,1
renam,1
legacy,1
strange,1
group,1
paperboy,1
fixe,1
client,1
throne,1
silicon,1
valley,1
visit,1
final,1
portion,1
procee,1
native,1
editor,1
volume,2
switcher,1
slider,1
proof,1
woke,1
door,2
arrival,2
tuesday,1
option,1
stronger,1
deaf,1
ally,1
silver,1
importantly,1
handy,1
funny,1
configure,1
racism,1
christma,2
self,1
landscape,1
mode,1
dalla,1
strategy,1
beware,1
west,1
14th,1
fact,1
roger,2
spray,2
paint,2
macintosh,2
discontinu,1
bid,1
designer,1
buddy,1
pic,1
toggle,1
earth,1
security,1
salesperson,1
matter,1
sticky,1
pill,1
advance,1
weather,1
hopeful,1
interconnect,1
austin,1
umbrella,1
staf,1
bore,1
intrigu,1
suggestion,1
thu,1
spent,1
afford,1
mansion,1
madden,1
selection,1
stripe,1
dough,1
otherwise,1
heart,1
hectic,1
mom,1
bear,1
lincoln,1
sail,1
phoenix,1
rock,1
house,1
chill,1
bee,1
japanese,1
privacy,1
pear,1
tree,2
fall,1
type,1
perry,1
rick,1
riesl,2
lightbulb,1
ready,1
tampa,1
martin,1
town,1
buccaneer,1
teach,1
different,1
therefore,1
percent,1
clearance,1
scripture,1
patio,1
furniture,1
bag,1
angel,1
peeler,6
washer,1
board,1
cyst,2
knee,2
conveyor,1
hardy,1
mesh,2
jacket,1
motorcycle,1
vodka,1
fancy,1
hemp,5
jewelry,1
instruction,1
fuel,1
knot,2
money,1
chosen,0
trivia,0
build,0
leap,0
boost,0
manager,0
sleek,0
superb,0
desire,0
Yummy,0
refer,0
prime,0
await,0
searche,0
debt,0
fallen,0
five,0
photography,0
biggest,0
threat,0
king,0
readable,0
emphasi,0
wallet,0
effect,0
efficient,0
browse,0
infinite,0
bookcase,0
difficult,0
benefit,0
bully,0
hangout,0
icecream,0
salmonella,0
hotspot,0
orbital,0
laser,0
wooden,0
deliciou,0
ditch,0
launche,0
closely,0
collaborate,0
pleas,0
press,0
conference,0
slick,0
college,0
scream,0
changer,0
ahead,0
reveal,0
closer,0
face,0
pleasure,0
fantastic,0
globe,0
probably,0
hookup,0
teas,0
accompany,0
usual,0
neat,0
frame,0
generator,0
prettier,0
introduc,0
inside,0
beneficial,0
tool,0
doc,0
particularly,0
theme,0
sentence,0
rite,0
accord,0
beam,0
alright,0
decision,0
ugly,0
taste,0
blog,0
outdate,0
instant,0
raise,0
detection,0
essential,0
crave,0
adopt,0
philosophy,0
polish,0
port,0
catchy,0
advertisement,0
carry,0
november,0
pant,0
literally,0
blown,0
combination,0
introduction,0
party,0
regular,0
interval,0
real,0
executive,0
capabiliti,0
select,0
transfer,0
dig,0
quick,0
politely,0
goodbye,0
taught,0
decent,0
positive,0
directly,0
layout,0
aggregate,0
source,0
spiral,0
inbuilt,0
panoramic,0
panorama,0
tasty,0
toy,0
gallery,0
shutter,0
insane,0
thumb,0
edit,0
three,0
score,0
along,0
delay,0
watchdog,0
study,0
guide,0
display,0
peanut,0
neither,0
pea,0
discuss,0
retard,0
planet,0
pinch,0
zoom,0
superior,0
bookmark,0
redesign,0
conversation,0
automatically,0
doorstep,0
excellent,0
commercial,0
announcement,0
dictation,0
smooth,0
responsive,0
widget,0
navigation,0
built,0
stack,0
richer,0
wallpaper,0
curiou,0
highlight,0
mull,0
shore,0
bout,0
accessibility,0
dump,0
ton,0
spam,0
awkward,0
load,0
blackout,0
threaten,0
august,0
uphill,0
parker,0
lecture,0
economic,0
hypocritical,0
melt,0
letdown,0
introduce,0
singaporean,0
facial,0
demo,0
goof,0
interference,0
headache,0
visigoth,0
froze,0
new,0
laughable,0
encrypt,0
maximize,0
collection,0
background,0
horrible,0
stream,0
code,0
skill,0
perform,0
date,0
impact,0
illustrate,0
peril,0
demonstration,0
admirably,0
revolution,0
stalk,0
performance,0
leave,0
fold,0
beat,0
iteration,0
several,0
revamp,0
compete,0
pittsburgh,0
recruit,0
hands-on,0
latest,0
theater,0
dubai,0
unwrap,0
vagina,0
encryption,0
menu,0
butt,0
unite,0
republish,0
index,0
perk,0
empire,0
avenue,0
outbound,0
rede,0
understand,0
flight,0
travel,0
downward,0
novelty,0
important,0
density,0
real-time,0
collaboration,0
transition,0
joke,0
slogan,0
industry,0
witness,0
astound,0
seal,0
supreme,0
console,0
traditional,0
secure,0
queri,0
track,0
land,0
conversion,0
cap,0
commodity,0
advertiser,0
arrive,0
curve,0
rival,0
url,0
webmaster,0
chicago,0
recap,0
host,0
africa,0
political,0
revue,0
companion,0
controller,0
announce,0
payment,0
environment,0
solar,0
plant,0
block,0
receive,0
juice,0
run-down,0
tip,0
crawl,0
creep,0
wake,0
honeycomb,0
gingerbread,0
referral,0
hack,0
wisely,0
sheet,0
xma,0
confirm,0
enhancement,0
texa,0
instrument,0
core,0
newer,0
processor,0
competition,0
venture,0
rumor,0
asap,0
application,0
overview,0
acceleration,0
telecom,0
pure,0
society,0
empowerment,0
lightly,0
determine,0
firm,0
investment,0
solely,0
spencer,0
restrict,0
engine,0
cach,0
retailer,0
jump,0
promotion,0
fortunately,0
sadly,0
copi,0
captain,0
movie,0
intro,0
destination,0
rant,0
pathetic,0
afterthought,0
suite,0
variety,0
way,0
engineer,0
intend,0
become,0
famou,0
criticize,0
trounc,0
discover,0
critical,0
information,0
belong,0
digitally,0
underly,0
eatable,0
eclair,0
reshape,0
feat,0
freestyle,0
manhole,0
round,0
china,0
googl,0
women,0
resemble,0
momma,0
fellow,0
michigander,0
michigan,0
circle,0
hacker,0
marketer,0
division,0
development,0
spring,0
drink,0
barometer,0
bunny,0
watson,0
unlike,0
repli,0
thread,0
weaken,0
undoubtedly,0
tough,0
demon,0
cast,0
wide,0
mike,0
smile,0
shout,0
universe,0
explod,0
advantage,0
profound,0
massive,0
nexuss,0
lazy,0
short,0
supply,0
roundup,0
snippet,0
prod,0
gadget,0
uncategorize,0
availability,0
peter,0
mango,0
emb,0
redirect,0
artisan,0
experiment,0
mouth,0
relive,0
rebuttal,0
bridge,0
pretend,0
steal,0
crew,0
coverage,0
health,0
dust,0
children,0
gun,0
parisian,0
debate,0
vote,0
somebody,0
imitation,0
flattery,0
junkyard,0
examine,0
bounce,0
lover,0
beate,0
village,0
intent,0
coupon,0
reward,0
despite,0
monumental,0
conspiracy,0
threw,0
pleasant,0
indee,0
laugh,0
tap,0
private,0
brows,0
eye,0
inspiration,0
duly,0
innovator,0
recent,0
position,0
amaze,0
freshen,0
buggy,0
bookworm,0
abstract,0
limitless,0
librari,0
bill,0
gross,0
develop,0
notch,0
backdrop,0
lot,0
resolution,0
maryland,0
mica,0
catch,0
recently,0
prep,0
unifi,0
europe,0
asia,0
hugo,0
buddi,0
cent,0
capture,0
continuou,0
lapse,0
glitch,0
beirut,0
tag,0
hipster,0
filter,0
irony,0
marketplace,0
preview,0
scale,0
guest,0
mostly,0
chinese,0
show-off,0
reverse,0
crime,0
wear,0
capability,0
measure,0
campaign,0
tagger,0
sticker,0
cheque,0
echelon,0
asian,0
rise,0
democrat,0
join,0
grey,0
chairman,0
greater,0
asset,0
heavy,0
park,0
summit,0
reflect,0
culture,0
poker,0
fight,0
university,0
propose,0
eyelid,0
twitche,0
passe,0
pour,0
singapore,0
pacific,0
region,0
parkway,0
novena,0
premier,0
healthcare,0
impatient,0
arriver,0
salisbury,0
tournament,0
fire,0
fringe,0
pulse,0
para,0
ringgit,0
european,0
currenci,0
strengthen,0
outweigh,0
higher,0
ey,0
thailand,0
factor,0
agency,0
originally,0
guardian,0
shop,0
strategi,0
pace,0
spain,0
downside,0
rumour,0
dive,0
bond,0
strait,0
wheat,0
monopoly,0
swap,0
compliance,0
leas,0
programme,0
rachel,0
specify,0
license,0
surfactant,0
sauce,0
tout,0
beau,0
panda,0
affect,0
rank,0
vendor,0
degree,0
format,0
annotate,0
bibliography,0
jew,0
jesu,0
,0
hitler,0
lab,0
harvard,0
mindfulness,0
technique,0
jewel,0
swear,0
nada,0
dealt,0
method,0
profitable,0
duke,0
homeless,0
Youth,0
domestic,0
violence,0
newbi,0
river,0
waste,0
will,0
hail,0
encounter,0
agenda,0
funniest,0
sushi,0
lawyer,0
police,0
okay,0
feedback,0
settlement,0
plaintiff,0
role,0
insolvency,0
reconnaissance,0
caution,0
cyanogen,0
deep,0
participate,0
certification,0
spanish,0
medical,0
buffalo,0
pavilion,0
claw,0
relevance,0
rich,0
excel,0
productive,0
communication,0
underrate,0
dish,0
handset,0
explorer,0
eate,0
priceless,0
vancouver,0
evangelist,0
cash,0
coast,0
portland,0
safe,0
safety,0
technologi,0
encourage,0
career,0
enjoy,0
compell,0
self-service,0
registration,0
curate,0
greenwich,0
later,0
charity,0
philanthropy,0
scientist,0
extent,0
sponsor,0
delegate,0
validate,0
target,0
touchscreen,0
campu,0
mixer,0
science,0
fiction,0
playful,0
faculty,0
pois,0
action,0
contender,0
combine,0
interface,0
became,0
citizenship,0
member,0
border,0
utiliti,0
enterprise,0
scalability,0
unfair,0
assessment,0
sage,0
dynamic,0
opportuniti,0
tour,0
helsinki,0
finland,0
sugar-coate,0
blatant,0
propaganda,0
composite,0
individual,0
technological,0
futuristic,0
desir,0
provid,0
fund,0
sweatshop,0
gate,0
foundation,0
courtesy,0
inspir,0
surface,0
vulnerability,0
framework,0
eclips,0
violate,0
u.,0
law,0
netscape,0
victim,0
racketeer,0
outlaw,0
worker,0
chief,0
mole,0
messy,0
nightmare,0
creepy,0
enrage,0
produce,0
lobby,0
politician,0
acceptable,0
sit,0
compare,0
albatross,0
neck,0
happier,0
comp,0
discussion,0
grab,0
nearly,0
dine,0
lean,0
concept,0
corporation,0
difference,0
kick,0
alongside,0
colour,0
blew,0
water,0
interoperability,0
backward,0
compatibility,0
stephen,0
cesspit,0
extreme,0
avoid,0
negative,0
comment,0
distrust,0
angst,0
fixation,0
wave,0
bye-bye,0
preach,0
value,0
excuse,0
instantly,0
manually,0
unproductive,0
forc,0
enemi,0
pray,0
licens,0
baffle,0
moron,0
arrogance,0
compliment,0
obituari,0
riskiest,0
attribut,0
undergo,0
trial,0
alleg,0
practice,0
conclud,0
march,0
ultimate,0
catastrophe,0
plot,0
loathe,0
unable,0
german,0
federal,0
trojan,0
spy,0
exception,0
slack,0
mandarin,0
studi,0
cisco,0
sledgehammer,0
sake,0
friendship,0
aggressive,0
criticise,0
face-to-face,0
corporate,0
bonobo,0
monkey,0
ass,0
linux,0
extremist,0
attack,0
freedom,0
age,0
faith,0
lift,0
clear,0
disable,0
third,0
unmindful,0
collect,0
letter,0
retire,0
techie,0
leader,0
darkness,0
bind,0
vista,0
unborn,0
prediction,0
dell,0
shitty,0
ghost,0
logic,0
enlighten,0
diaz,0
influential,0
hispanic,0
compiler,0
specialist,0
bangalore,0
spigot,0
paper,0
bogu,0
benchmark,0
testify,0
novel,0
copyright,0
advert,0
denali,0
technical,0
researcher,0
gentle,0
meekly,0
doom,0
supporter,0
quote,0
episode,0
hawaii,0
kickoff,0
ping,0
embrac,0
apache,0
azure,0
pareto,0
chart,0
procedural,0
syntax,0
talent,0
boast,0
temp,0
workforce,0
beeline,0
central,0
boxe,0
holiday,0
bundle,0
season,0
joint,0
vital,0
participation,0
weep,0
mercy,0
firmware,0
innovate,0
api,0
basic,0
broadly,0
insight,0
organization,0
interact,0
norway,0
chair,0
interview,0
minority,0
carnegie,0
mellon,0
incomparable,0
tangl,0
mess,0
desk,0
conductive,0
gesture,0
spare,0
arbitrary,0
everyday,0
booth,0
duty,0
modern,0
warfare,0
transform,0
dancer,0
nowhere,0
near,0
slash,0
quincy,0
washington,0
summary,0
feet,0
supplier,0
sustainability,0
movement,0
plastic,0
approach,0
durban,0
conflict,0
guru,0
institute,0
accuracy,0
integration,0
incorrect,0
association,0
undecid,0
minu,0
celebrity,0
impersonation,0
common,0
clothe,0
initiative,0
alternate,0
row,0
shortcut,0
bargain,0
bruise,0
expectation,0
deployment,0
securiti,0
interaction,0
engag,0
diss,0
e-commerce,0
expert,0
manipulate,0
swipe,0
dawn,0
evan,0
exec,0
seri,0
operation,0
holographic,0
vision,0
governance,0
exam,0
appli,0
critic,0
friendliness,0
branch,0
appliance,0
hybrid,0
gateway,0
fanatic,0
secur,0
certificate,0
brief,0
intelligence,0
studio,0
package,0
wonderful,0
orlando,0
automation,0
disney,0
course,0
persona,0
celebriti,0
road,0
newly,0
testimonial,0
seriou,0
view,0
connectivity,0
breakfast,0
slam,0
refine,0
regard,0
sugar,0
database,0
structure,0
accelerate,0
var,0
lucky,0
19th,0
department,0
justice,0
began,0
obsolete,0
flood,0
crisi,0
bangkok,0
county,0
automate,0
optimization,0
visibility,0
publish,0
cookbook,0
disguise,0
amateur,0
obviou,0
voucher,0
quarterly,0
implement,0
prompt,0
elevate,0
silently,0
academy,0
kenya,0
east,0
southern,0
multimedia,0
stravinsky,0
cd-rom,0
notebook,0
plug,0
installation,0
trashe,0
credential,0
director,0
consult,0
oracle,0
trade,0
packag,0
david,0
seize,0
boss,0
tile,0
heaven,0
gadgeteer,0
stimulate,0
playback,0
badge,0
additional,0
internal,0
greenest,0
danger,0
anonymou,0
example,0
pitman,0
customize,0
scam,0
viru,0
potential,0
qualification,0
lay,0
toulouse,0
achiev,0
mill,0
transaction,0
garner,0
organise,0
gold,0
tumble,0
dozen,0
organize,0
emergency,0
seat,0
delaware,0
projector,0
south,0
richmond,0
backyard,0
queue,0
workspace,0
ti,0
fri,0
balance,0
surpass,0
government,0
blob,0
milky,0
film,0
busyness,0
pocket,0
handheld,0
sterl,0
resume,0
consideration,0
algeria,0
britain,0
attract,0
shot,0
custom,0
sort,0
categori,0
wire,0
comput,0
escape,0
cake,0
involv,0
balm,0
royalti,0
pastel,0
physical,0
creator,0
driver,0
administrator,0
consultant,0
trainer,0
bank,0
hype,0
workload,0
qualify,0
todd,0
eight,0
adoption,0
practical,0
apron,0
foodie,0
sesame,0
national,0
geographic,0
tango,0
apollo,0
complicate,0
rescue,0
ensemble,0
incentive,0
belle,0
bug,0
tester,0
cerulean,0
size,0
freez,0
demonstrate,0
apart,0
genuine,0
fake,0
scammer,0
lure,0
grant,0
pinball,0
table,0
strongly,0
recommend,0
contest,0
chariti,0
unfortunately,0
catchment,0
cloth,0
alchemy,0
exclude,0
scribble,0
anti,0
expos,0
kept,0
fell,0
exist,0
realisation,0
complex,0
angle,0
contrast,0
portal,0
finalise,0
dodg,0
bullet,0
acquire,0
exact,0
favor,0
fresh,0
disclos,0
nascent,0
exploit,0
pose,0
rookie,0
veteran,0
tier,0
natural,0
ergonomic,0
guard,0
creation,0
range,0
tick,0
vouch,0
programmer,0
ethical,0
interactive,0
winner,0
sweepstake,0
log-in,0
competitor,0
dryad,0
mary,0
basically,0
glorifi,0
approache,0
wild,0
follower,0
giveaway,0
mock,0
circuit,0
saint,0
doughnut,0
dinner,0
techno,0
depot,0
shopper,0
distribution,0
philip,0
nobel,0
writer,0
squar,0
corner,0
wary,0
soft,0
proxy,0
unblock,0
plush,0
turret,0
deploy,0
slightly,0
weirdo,0
